date,exit_zone,aq_min_kwh,aq_max_kwh,rate_p_per_kwh
2020-04-01 00:00:00,EA1,0,73200,0.2652
2020-04-01 00:00:00,EA1,73200,732000,0.198
2020-04-01 00:00:00,EA1,732000,,0.2875
2020-04-01 00:00:00,EA2,0,73200,0.297
2020-04-01 00:00:00,EA2,73200,732000,0.1524
2020-04-01 00:00:00,EA2,732000,,0.1849
2020-04-01 00:00:00,EA3,0,73200,0.2564
2020-04-01 00:00:00,EA3,73200,732000,0.2342
2020-04-01 00:00:00,EA3,732000,,0.2492
2020-04-01 00:00:00,EA4,0,73200,0.2073
2020-04-01 00:00:00,EA4,73200,732000,0.294
2020-04-01 00:00:00,EA4,732000,,0.2889
2020-04-01 00:00:00,EM1,0,73200,0.2533
2020-04-01 00:00:00,EM1,73200,732000,0.3064
2020-04-01 00:00:00,EM1,732000,,0.2734
2020-04-01 00:00:00,EM2,0,73200,0.207
2020-04-01 00:00:00,EM2,73200,732000,0.2684
2020-04-01 00:00:00,EM2,732000,,0.2021
2020-04-01 00:00:00,EM3,0,73200,0.2939
2020-04-01 00:00:00,EM3,73200,732000,0.2475
2020-04-01 00:00:00,EM3,732000,,0.2408
2020-04-01 00:00:00,EM4,0,73200,0.216
2020-04-01 00:00:00,EM4,73200,732000,0.3111
2020-04-01 00:00:00,EM4,732000,,0.2423
2020-04-01 00:00:00,LC,0,73200,0.2286
2020-04-01 00:00:00,LC,73200,732000,0.2324
2020-04-01 00:00:00,LC,732000,,0.2766
2020-04-01 00:00:00,LO,0,73200,0.2683
2020-04-01 00:00:00,LO,73200,732000,0.2706
2020-04-01 00:00:00,LO,732000,,0.2715
2020-04-01 00:00:00,LS,0,73200,0.3571
2020-04-01 00:00:00,LS,73200,732000,0.2297
2020-04-01 00:00:00,LS,732000,,0.2244
2020-04-01 00:00:00,LT,0,73200,0.2093
2020-04-01 00:00:00,LT,73200,732000,0.2808
2020-04-01 00:00:00,LT,732000,,0.3064
2020-04-01 00:00:00,LW,0,73200,0.2443
2020-04-01 00:00:00,LW,73200,732000,0.208
2020-04-01 00:00:00,LW,732000,,0.2088
2020-04-01 00:00:00,NE1,0,73200,0.2825
2020-04-01 00:00:00,NE1,73200,732000,0.2872
2020-04-01 00:00:00,NE1,732000,,0.2772
2020-04-01 00:00:00,NE2,0,73200,0.2167
2020-04-01 00:00:00,NE2,73200,732000,0.2616
2020-04-01 00:00:00,NE2,732000,,0.2558
2020-04-01 00:00:00,NE3,0,73200,0.2609
2020-04-01 00:00:00,NE3,73200,732000,0.2936
2020-04-01 00:00:00,NE3,732000,,0.2612
2020-04-01 00:00:00,NO1,0,73200,0.2839
2020-04-01 00:00:00,NO1,73200,732000,0.2534
2020-04-01 00:00:00,NO1,732000,,0.2645
2020-04-01 00:00:00,NO2,0,73200,0.2816
2020-04-01 00:00:00,NO2,73200,732000,0.1771
2020-04-01 00:00:00,NO2,732000,,0.234
2020-04-01 00:00:00,NT1,0,73200,0.2265
2020-04-01 00:00:00,NT1,73200,732000,0.2181
2020-04-01 00:00:00,NT1,732000,,0.2362
2020-04-01 00:00:00,NT2,0,73200,0.3247
2020-04-01 00:00:00,NT2,73200,732000,0.2067
2020-04-01 00:00:00,NT2,732000,,0.2984
2020-04-01 00:00:00,NT3,0,73200,0.1659
2020-04-01 00:00:00,NT3,73200,732000,0.2333
2020-04-01 00:00:00,NT3,732000,,0.2581
2020-04-01 00:00:00,NW1,0,73200,0.2793
2020-04-01 00:00:00,NW1,73200,732000,0.2856
2020-04-01 00:00:00,NW1,732000,,0.2897
2020-04-01 00:00:00,NW2,0,73200,0.2326
2020-04-01 00:00:00,NW2,73200,732000,0.2269
2020-04-01 00:00:00,NW2,732000,,0.2929
2020-04-01 00:00:00,SC1,0,73200,0.2404
2020-04-01 00:00:00,SC1,73200,732000,0.1862
2020-04-01 00:00:00,SC1,732000,,0.1933
2020-04-01 00:00:00,SC2,0,73200,0.204
2020-04-01 00:00:00,SC2,73200,732000,0.2749
2020-04-01 00:00:00,SC2,732000,,0.2571
2020-04-01 00:00:00,SC4,0,73200,0.2845
2020-04-01 00:00:00,SC4,73200,732000,0.2286
2020-04-01 00:00:00,SC4,732000,,0.2579
2020-04-01 00:00:00,SE1,0,73200,0.2813
2020-04-01 00:00:00,SE1,73200,732000,0.2345
2020-04-01 00:00:00,SE1,732000,,0.2728
2020-04-01 00:00:00,SE2,0,73200,0.2169
2020-04-01 00:00:00,SE2,73200,732000,0.2318
2020-04-01 00:00:00,SE2,732000,,0.2309
2020-04-01 00:00:00,SO1,0,73200,0.1902
2020-04-01 00:00:00,SO1,73200,732000,0.2743
2020-04-01 00:00:00,SO1,732000,,0.2265
2020-04-01 00:00:00,SO2,0,73200,0.2506
2020-04-01 00:00:00,SO2,73200,732000,0.274
2020-04-01 00:00:00,SO2,732000,,0.2723
2020-04-01 00:00:00,SW1,0,73200,0.2833
2020-04-01 00:00:00,SW1,73200,732000,0.2451
2020-04-01 00:00:00,SW1,732000,,0.2288
2020-04-01 00:00:00,SW2,0,73200,0.246
2020-04-01 00:00:00,SW2,73200,732000,0.1656
2020-04-01 00:00:00,SW2,732000,,0.1776
2020-04-01 00:00:00,SW3,0,73200,0.1839
2020-04-01 00:00:00,SW3,73200,732000,0.2001
2020-04-01 00:00:00,SW3,732000,,0.27
2020-04-01 00:00:00,WA1,0,73200,0.2047
2020-04-01 00:00:00,WA1,73200,732000,0.2311
2020-04-01 00:00:00,WA1,732000,,0.315
2020-04-01 00:00:00,WA2,0,73200,0.2322
2020-04-01 00:00:00,WA2,73200,732000,0.2869
2020-04-01 00:00:00,WA2,732000,,0.2033
2020-04-01 00:00:00,WM1,0,73200,0.2397
2020-04-01 00:00:00,WM1,73200,732000,0.2025
2020-04-01 00:00:00,WM1,732000,,0.233
2020-04-01 00:00:00,WM2,0,73200,0.292
2020-04-01 00:00:00,WM2,73200,732000,0.1636
2020-04-01 00:00:00,WM2,732000,,0.2717
2020-04-01 00:00:00,WM3,0,73200,0.2619
2020-04-01 00:00:00,WM3,73200,732000,0.2203
2020-04-01 00:00:00,WM3,732000,,0.1777
2020-10-01 00:00:00,EA1,0,73200,0.297
2020-10-01 00:00:00,EA1,73200,732000,0.2218
2020-10-01 00:00:00,EA1,732000,,0.322
2020-10-01 00:00:00,EA2,0,73200,0.3326
2020-10-01 00:00:00,EA2,73200,732000,0.1707
2020-10-01 00:00:00,EA2,732000,,0.2071
2020-10-01 00:00:00,EA3,0,73200,0.2872
2020-10-01 00:00:00,EA3,73200,732000,0.2623
2020-10-01 00:00:00,EA3,732000,,0.2791
2020-10-01 00:00:00,EA4,0,73200,0.2322
2020-10-01 00:00:00,EA4,73200,732000,0.3293
2020-10-01 00:00:00,EA4,732000,,0.3236
2020-10-01 00:00:00,EM1,0,73200,0.2837
2020-10-01 00:00:00,EM1,73200,732000,0.3432
2020-10-01 00:00:00,EM1,732000,,0.3062
2020-10-01 00:00:00,EM2,0,73200,0.2318
2020-10-01 00:00:00,EM2,73200,732000,0.3006
2020-10-01 00:00:00,EM2,732000,,0.2264
2020-10-01 00:00:00,EM3,0,73200,0.3292
2020-10-01 00:00:00,EM3,73200,732000,0.2772
2020-10-01 00:00:00,EM3,732000,,0.2697
2020-10-01 00:00:00,EM4,0,73200,0.2419
2020-10-01 00:00:00,EM4,73200,732000,0.3484
2020-10-01 00:00:00,EM4,732000,,0.2714
2020-10-01 00:00:00,LC,0,73200,0.256
2020-10-01 00:00:00,LC,73200,732000,0.2603
2020-10-01 00:00:00,LC,732000,,0.3098
2020-10-01 00:00:00,LO,0,73200,0.3005
2020-10-01 00:00:00,LO,73200,732000,0.3031
2020-10-01 00:00:00,LO,732000,,0.3041
2020-10-01 00:00:00,LS,0,73200,0.4
2020-10-01 00:00:00,LS,73200,732000,0.2573
2020-10-01 00:00:00,LS,732000,,0.2513
2020-10-01 00:00:00,LT,0,73200,0.2344
2020-10-01 00:00:00,LT,73200,732000,0.3145
2020-10-01 00:00:00,LT,732000,,0.3432
2020-10-01 00:00:00,LW,0,73200,0.2736
2020-10-01 00:00:00,LW,73200,732000,0.233
2020-10-01 00:00:00,LW,732000,,0.2339
2020-10-01 00:00:00,NE1,0,73200,0.3164
2020-10-01 00:00:00,NE1,73200,732000,0.3217
2020-10-01 00:00:00,NE1,732000,,0.3105
2020-10-01 00:00:00,NE2,0,73200,0.2427
2020-10-01 00:00:00,NE2,73200,732000,0.293
2020-10-01 00:00:00,NE2,732000,,0.2865
2020-10-01 00:00:00,NE3,0,73200,0.2922
2020-10-01 00:00:00,NE3,73200,732000,0.3288
2020-10-01 00:00:00,NE3,732000,,0.2925
2020-10-01 00:00:00,NO1,0,73200,0.318
2020-10-01 00:00:00,NO1,73200,732000,0.2838
2020-10-01 00:00:00,NO1,732000,,0.2962
2020-10-01 00:00:00,NO2,0,73200,0.3154
2020-10-01 00:00:00,NO2,73200,732000,0.1984
2020-10-01 00:00:00,NO2,732000,,0.2621
2020-10-01 00:00:00,NT1,0,73200,0.2537
2020-10-01 00:00:00,NT1,73200,732000,0.2443
2020-10-01 00:00:00,NT1,732000,,0.2645
2020-10-01 00:00:00,NT2,0,73200,0.3637
2020-10-01 00:00:00,NT2,73200,732000,0.2315
2020-10-01 00:00:00,NT2,732000,,0.3342
2020-10-01 00:00:00,NT3,0,73200,0.1858
2020-10-01 00:00:00,NT3,73200,732000,0.2613
2020-10-01 00:00:00,NT3,732000,,0.2891
2020-10-01 00:00:00,NW1,0,73200,0.3128
2020-10-01 00:00:00,NW1,73200,732000,0.3199
2020-10-01 00:00:00,NW1,732000,,0.3245
2020-10-01 00:00:00,NW2,0,73200,0.2605
2020-10-01 00:00:00,NW2,73200,732000,0.2541
2020-10-01 00:00:00,NW2,732000,,0.328
2020-10-01 00:00:00,SC1,0,73200,0.2692
2020-10-01 00:00:00,SC1,73200,732000,0.2085
2020-10-01 00:00:00,SC1,732000,,0.2165
2020-10-01 00:00:00,SC2,0,73200,0.2285
2020-10-01 00:00:00,SC2,73200,732000,0.3079
2020-10-01 00:00:00,SC2,732000,,0.288
2020-10-01 00:00:00,SC4,0,73200,0.3186
2020-10-01 00:00:00,SC4,73200,732000,0.256
2020-10-01 00:00:00,SC4,732000,,0.2888
2020-10-01 00:00:00,SE1,0,73200,0.3151
2020-10-01 00:00:00,SE1,73200,732000,0.2626
2020-10-01 00:00:00,SE1,732000,,0.3055
2020-10-01 00:00:00,SE2,0,73200,0.2429
2020-10-01 00:00:00,SE2,73200,732000,0.2596
2020-10-01 00:00:00,SE2,732000,,0.2586
2020-10-01 00:00:00,SO1,0,73200,0.213
2020-10-01 00:00:00,SO1,73200,732000,0.3072
2020-10-01 00:00:00,SO1,732000,,0.2537
2020-10-01 00:00:00,SO2,0,73200,0.2807
2020-10-01 00:00:00,SO2,73200,732000,0.3069
2020-10-01 00:00:00,SO2,732000,,0.305
2020-10-01 00:00:00,SW1,0,73200,0.3173
2020-10-01 00:00:00,SW1,73200,732000,0.2745
2020-10-01 00:00:00,SW1,732000,,0.2563
2020-10-01 00:00:00,SW2,0,73200,0.2755
2020-10-01 00:00:00,SW2,73200,732000,0.1855
2020-10-01 00:00:00,SW2,732000,,0.1989
2020-10-01 00:00:00,SW3,0,73200,0.206
2020-10-01 00:00:00,SW3,73200,732000,0.2241
2020-10-01 00:00:00,SW3,732000,,0.3024
2020-10-01 00:00:00,WA1,0,73200,0.2293
2020-10-01 00:00:00,WA1,73200,732000,0.2588
2020-10-01 00:00:00,WA1,732000,,0.3528
2020-10-01 00:00:00,WA2,0,73200,0.2601
2020-10-01 00:00:00,WA2,73200,732000,0.3213
2020-10-01 00:00:00,WA2,732000,,0.2277
2020-10-01 00:00:00,WM1,0,73200,0.2685
2020-10-01 00:00:00,WM1,73200,732000,0.2268
2020-10-01 00:00:00,WM1,732000,,0.261
2020-10-01 00:00:00,WM2,0,73200,0.327
2020-10-01 00:00:00,WM2,73200,732000,0.1832
2020-10-01 00:00:00,WM2,732000,,0.3043
2020-10-01 00:00:00,WM3,0,73200,0.2933
2020-10-01 00:00:00,WM3,73200,732000,0.2467
2020-10-01 00:00:00,WM3,732000,,0.199
2021-04-01 00:00:00,EA1,0,73200,0.3327
2021-04-01 00:00:00,EA1,73200,732000,0.2484
2021-04-01 00:00:00,EA1,732000,,0.3606
2021-04-01 00:00:00,EA2,0,73200,0.3726
2021-04-01 00:00:00,EA2,73200,732000,0.1912
2021-04-01 00:00:00,EA2,732000,,0.2319
2021-04-01 00:00:00,EA3,0,73200,0.3216
2021-04-01 00:00:00,EA3,73200,732000,0.2938
2021-04-01 00:00:00,EA3,732000,,0.3126
2021-04-01 00:00:00,EA4,0,73200,0.26
2021-04-01 00:00:00,EA4,73200,732000,0.3688
2021-04-01 00:00:00,EA4,732000,,0.3624
2021-04-01 00:00:00,EM1,0,73200,0.3177
2021-04-01 00:00:00,EM1,73200,732000,0.3843
2021-04-01 00:00:00,EM1,732000,,0.343
2021-04-01 00:00:00,EM2,0,73200,0.2597
2021-04-01 00:00:00,EM2,73200,732000,0.3367
2021-04-01 00:00:00,EM2,732000,,0.2535
2021-04-01 00:00:00,EM3,0,73200,0.3687
2021-04-01 00:00:00,EM3,73200,732000,0.3105
2021-04-01 00:00:00,EM3,732000,,0.3021
2021-04-01 00:00:00,EM4,0,73200,0.271
2021-04-01 00:00:00,EM4,73200,732000,0.3902
2021-04-01 00:00:00,EM4,732000,,0.3039
2021-04-01 00:00:00,LC,0,73200,0.2868
2021-04-01 00:00:00,LC,73200,732000,0.2915
2021-04-01 00:00:00,LC,732000,,0.347
2021-04-01 00:00:00,LO,0,73200,0.3366
2021-04-01 00:00:00,LO,73200,732000,0.3394
2021-04-01 00:00:00,LO,732000,,0.3406
2021-04-01 00:00:00,LS,0,73200,0.4479
2021-04-01 00:00:00,LS,73200,732000,0.2881
2021-04-01 00:00:00,LS,732000,,0.2815
2021-04-01 00:00:00,LT,0,73200,0.2625
2021-04-01 00:00:00,LT,73200,732000,0.3522
2021-04-01 00:00:00,LT,732000,,0.3843
2021-04-01 00:00:00,LW,0,73200,0.3064
2021-04-01 00:00:00,LW,73200,732000,0.2609
2021-04-01 00:00:00,LW,732000,,0.2619
2021-04-01 00:00:00,NE1,0,73200,0.3544
2021-04-01 00:00:00,NE1,73200,732000,0.3603
2021-04-01 00:00:00,NE1,732000,,0.3477
2021-04-01 00:00:00,NE2,0,73200,0.2718
2021-04-01 00:00:00,NE2,73200,732000,0.3282
2021-04-01 00:00:00,NE2,732000,,0.3209
2021-04-01 00:00:00,NE3,0,73200,0.3273
2021-04-01 00:00:00,NE3,73200,732000,0.3683
2021-04-01 00:00:00,NE3,732000,,0.3276
2021-04-01 00:00:00,NO1,0,73200,0.3561
2021-04-01 00:00:00,NO1,73200,732000,0.3179
2021-04-01 00:00:00,NO1,732000,,0.3318
2021-04-01 00:00:00,NO2,0,73200,0.3532
2021-04-01 00:00:00,NO2,73200,732000,0.2222
2021-04-01 00:00:00,NO2,732000,,0.2935
2021-04-01 00:00:00,NT1,0,73200,0.2841
2021-04-01 00:00:00,NT1,73200,732000,0.2736
2021-04-01 00:00:00,NT1,732000,,0.2963
2021-04-01 00:00:00,NT2,0,73200,0.4073
2021-04-01 00:00:00,NT2,73200,732000,0.2593
2021-04-01 00:00:00,NT2,732000,,0.3743
2021-04-01 00:00:00,NT3,0,73200,0.2081
2021-04-01 00:00:00,NT3,73200,732000,0.2927
2021-04-01 00:00:00,NT3,732000,,0.3238
2021-04-01 00:00:00,NW1,0,73200,0.3504
2021-04-01 00:00:00,NW1,73200,732000,0.3583
2021-04-01 00:00:00,NW1,732000,,0.3634
2021-04-01 00:00:00,NW2,0,73200,0.2918
2021-04-01 00:00:00,NW2,73200,732000,0.2846
2021-04-01 00:00:00,NW2,732000,,0.3674
2021-04-01 00:00:00,SC1,0,73200,0.3016
2021-04-01 00:00:00,SC1,73200,732000,0.2336
2021-04-01 00:00:00,SC1,732000,,0.2425
2021-04-01 00:00:00,SC2,0,73200,0.2559
2021-04-01 00:00:00,SC2,73200,732000,0.3448
2021-04-01 00:00:00,SC2,732000,,0.3225
2021-04-01 00:00:00,SC4,0,73200,0.3569
2021-04-01 00:00:00,SC4,73200,732000,0.2868
2021-04-01 00:00:00,SC4,732000,,0.3235
2021-04-01 00:00:00,SE1,0,73200,0.3529
2021-04-01 00:00:00,SE1,73200,732000,0.2942
2021-04-01 00:00:00,SE1,732000,,0.3422
2021-04-01 00:00:00,SE2,0,73200,0.2721
2021-04-01 00:00:00,SE2,73200,732000,0.2908
2021-04-01 00:00:00,SE2,732000,,0.2896
2021-04-01 00:00:00,SO1,0,73200,0.2386
2021-04-01 00:00:00,SO1,73200,732000,0.3441
2021-04-01 00:00:00,SO1,732000,,0.2841
2021-04-01 00:00:00,SO2,0,73200,0.3144
2021-04-01 00:00:00,SO2,73200,732000,0.3437
2021-04-01 00:00:00,SO2,732000,,0.3416
2021-04-01 00:00:00,SW1,0,73200,0.3554
2021-04-01 00:00:00,SW1,73200,732000,0.3075
2021-04-01 00:00:00,SW1,732000,,0.287
2021-04-01 00:00:00,SW2,0,73200,0.3086
2021-04-01 00:00:00,SW2,73200,732000,0.2077
2021-04-01 00:00:00,SW2,732000,,0.2228
2021-04-01 00:00:00,SW3,0,73200,0.2307
2021-04-01 00:00:00,SW3,73200,732000,0.251
2021-04-01 00:00:00,SW3,732000,,0.3387
2021-04-01 00:00:00,WA1,0,73200,0.2568
2021-04-01 00:00:00,WA1,73200,732000,0.2899
2021-04-01 00:00:00,WA1,732000,,0.3951
2021-04-01 00:00:00,WA2,0,73200,0.2913
2021-04-01 00:00:00,WA2,73200,732000,0.3599
2021-04-01 00:00:00,WA2,732000,,0.255
2021-04-01 00:00:00,WM1,0,73200,0.3007
2021-04-01 00:00:00,WM1,73200,732000,0.254
2021-04-01 00:00:00,WM1,732000,,0.2923
2021-04-01 00:00:00,WM2,0,73200,0.3663
2021-04-01 00:00:00,WM2,73200,732000,0.2052
2021-04-01 00:00:00,WM2,732000,,0.3408
2021-04-01 00:00:00,WM3,0,73200,0.3285
2021-04-01 00:00:00,WM3,73200,732000,0.2763
2021-04-01 00:00:00,WM3,732000,,0.2229
2021-10-01 00:00:00,EA1,0,73200,0.3726
2021-10-01 00:00:00,EA1,73200,732000,0.2782
2021-10-01 00:00:00,EA1,732000,,0.4039
2021-10-01 00:00:00,EA2,0,73200,0.4173
2021-10-01 00:00:00,EA2,73200,732000,0.2141
2021-10-01 00:00:00,EA2,732000,,0.2598
2021-10-01 00:00:00,EA3,0,73200,0.3602
2021-10-01 00:00:00,EA3,73200,732000,0.329
2021-10-01 00:00:00,EA3,732000,,0.3501
2021-10-01 00:00:00,EA4,0,73200,0.2912
2021-10-01 00:00:00,EA4,73200,732000,0.413
2021-10-01 00:00:00,EA4,732000,,0.4059
2021-10-01 00:00:00,EM1,0,73200,0.3559
2021-10-01 00:00:00,EM1,73200,732000,0.4305
2021-10-01 00:00:00,EM1,732000,,0.3841
2021-10-01 00:00:00,EM2,0,73200,0.2908
2021-10-01 00:00:00,EM2,73200,732000,0.3771
2021-10-01 00:00:00,EM2,732000,,0.2839
2021-10-01 00:00:00,EM3,0,73200,0.4129
2021-10-01 00:00:00,EM3,73200,732000,0.3477
2021-10-01 00:00:00,EM3,732000,,0.3383
2021-10-01 00:00:00,EM4,0,73200,0.3035
2021-10-01 00:00:00,EM4,73200,732000,0.4371
2021-10-01 00:00:00,EM4,732000,,0.3404
2021-10-01 00:00:00,LC,0,73200,0.3212
2021-10-01 00:00:00,LC,73200,732000,0.3265
2021-10-01 00:00:00,LC,732000,,0.3886
2021-10-01 00:00:00,LO,0,73200,0.3769
2021-10-01 00:00:00,LO,73200,732000,0.3802
2021-10-01 00:00:00,LO,732000,,0.3814
2021-10-01 00:00:00,LS,0,73200,0.5017
2021-10-01 00:00:00,LS,73200,732000,0.3227
2021-10-01 00:00:00,LS,732000,,0.3153
2021-10-01 00:00:00,LT,0,73200,0.2941
2021-10-01 00:00:00,LT,73200,732000,0.3945
2021-10-01 00:00:00,LT,732000,,0.4305
2021-10-01 00:00:00,LW,0,73200,0.3432
2021-10-01 00:00:00,LW,73200,732000,0.2922
2021-10-01 00:00:00,LW,732000,,0.2933
2021-10-01 00:00:00,NE1,0,73200,0.3969
2021-10-01 00:00:00,NE1,73200,732000,0.4035
2021-10-01 00:00:00,NE1,732000,,0.3894
2021-10-01 00:00:00,NE2,0,73200,0.3044
2021-10-01 00:00:00,NE2,73200,732000,0.3675
2021-10-01 00:00:00,NE2,732000,,0.3594
2021-10-01 00:00:00,NE3,0,73200,0.3665
2021-10-01 00:00:00,NE3,73200,732000,0.4125
2021-10-01 00:00:00,NE3,732000,,0.367
2021-10-01 00:00:00,NO1,0,73200,0.3989
2021-10-01 00:00:00,NO1,73200,732000,0.356
2021-10-01 00:00:00,NO1,732000,,0.3716
2021-10-01 00:00:00,NO2,0,73200,0.3956
2021-10-01 00:00:00,NO2,73200,732000,0.2488
2021-10-01 00:00:00,NO2,732000,,0.3288
2021-10-01 00:00:00,NT1,0,73200,0.3182
2021-10-01 00:00:00,NT1,73200,732000,0.3064
2021-10-01 00:00:00,NT1,732000,,0.3318
2021-10-01 00:00:00,NT2,0,73200,0.4562
2021-10-01 00:00:00,NT2,73200,732000,0.2904
2021-10-01 00:00:00,NT2,732000,,0.4192
2021-10-01 00:00:00,NT3,0,73200,0.2331
2021-10-01 00:00:00,NT3,73200,732000,0.3278
2021-10-01 00:00:00,NT3,732000,,0.3626
2021-10-01 00:00:00,NW1,0,73200,0.3924
2021-10-01 00:00:00,NW1,73200,732000,0.4012
2021-10-01 00:00:00,NW1,732000,,0.407
2021-10-01 00:00:00,NW2,0,73200,0.3268
2021-10-01 00:00:00,NW2,73200,732000,0.3188
2021-10-01 00:00:00,NW2,732000,,0.4115
2021-10-01 00:00:00,SC1,0,73200,0.3377
2021-10-01 00:00:00,SC1,73200,732000,0.2616
2021-10-01 00:00:00,SC1,732000,,0.2716
2021-10-01 00:00:00,SC2,0,73200,0.2866
2021-10-01 00:00:00,SC2,73200,732000,0.3862
2021-10-01 00:00:00,SC2,732000,,0.3612
2021-10-01 00:00:00,SC4,0,73200,0.3997
2021-10-01 00:00:00,SC4,73200,732000,0.3212
2021-10-01 00:00:00,SC4,732000,,0.3623
2021-10-01 00:00:00,SE1,0,73200,0.3952
2021-10-01 00:00:00,SE1,73200,732000,0.3295
2021-10-01 00:00:00,SE1,732000,,0.3833
2021-10-01 00:00:00,SE2,0,73200,0.3047
2021-10-01 00:00:00,SE2,73200,732000,0.3257
2021-10-01 00:00:00,SE2,732000,,0.3244
2021-10-01 00:00:00,SO1,0,73200,0.2672
2021-10-01 00:00:00,SO1,73200,732000,0.3854
2021-10-01 00:00:00,SO1,732000,,0.3182
2021-10-01 00:00:00,SO2,0,73200,0.3521
2021-10-01 00:00:00,SO2,73200,732000,0.385
2021-10-01 00:00:00,SO2,732000,,0.3826
2021-10-01 00:00:00,SW1,0,73200,0.398
2021-10-01 00:00:00,SW1,73200,732000,0.3443
2021-10-01 00:00:00,SW1,732000,,0.3214
2021-10-01 00:00:00,SW2,0,73200,0.3456
2021-10-01 00:00:00,SW2,73200,732000,0.2327
2021-10-01 00:00:00,SW2,732000,,0.2495
2021-10-01 00:00:00,SW3,0,73200,0.2584
2021-10-01 00:00:00,SW3,73200,732000,0.2811
2021-10-01 00:00:00,SW3,732000,,0.3793
2021-10-01 00:00:00,WA1,0,73200,0.2876
2021-10-01 00:00:00,WA1,73200,732000,0.3247
2021-10-01 00:00:00,WA1,732000,,0.4426
2021-10-01 00:00:00,WA2,0,73200,0.3262
2021-10-01 00:00:00,WA2,73200,732000,0.4031
2021-10-01 00:00:00,WA2,732000,,0.2856
2021-10-01 00:00:00,WM1,0,73200,0.3368
2021-10-01 00:00:00,WM1,73200,732000,0.2845
2021-10-01 00:00:00,WM1,732000,,0.3273
2021-10-01 00:00:00,WM2,0,73200,0.4102
2021-10-01 00:00:00,WM2,73200,732000,0.2298
2021-10-01 00:00:00,WM2,732000,,0.3817
2021-10-01 00:00:00,WM3,0,73200,0.368
2021-10-01 00:00:00,WM3,73200,732000,0.3095
2021-10-01 00:00:00,WM3,732000,,0.2497
2022-04-01 00:00:00,EA1,0,73200,0.4173
2022-04-01 00:00:00,EA1,73200,732000,0.3116
2022-04-01 00:00:00,EA1,732000,,0.4524
2022-04-01 00:00:00,EA2,0,73200,0.4673
2022-04-01 00:00:00,EA2,73200,732000,0.2398
2022-04-01 00:00:00,EA2,732000,,0.2909
2022-04-01 00:00:00,EA3,0,73200,0.4035
2022-04-01 00:00:00,EA3,73200,732000,0.3685
2022-04-01 00:00:00,EA3,732000,,0.3921
2022-04-01 00:00:00,EA4,0,73200,0.3262
2022-04-01 00:00:00,EA4,73200,732000,0.4626
2022-04-01 00:00:00,EA4,732000,,0.4546
2022-04-01 00:00:00,EM1,0,73200,0.3986
2022-04-01 00:00:00,EM1,73200,732000,0.4821
2022-04-01 00:00:00,EM1,732000,,0.4302
2022-04-01 00:00:00,EM2,0,73200,0.3257
2022-04-01 00:00:00,EM2,73200,732000,0.4223
2022-04-01 00:00:00,EM2,732000,,0.318
2022-04-01 00:00:00,EM3,0,73200,0.4625
2022-04-01 00:00:00,EM3,73200,732000,0.3894
2022-04-01 00:00:00,EM3,732000,,0.3789
2022-04-01 00:00:00,EM4,0,73200,0.3399
2022-04-01 00:00:00,EM4,73200,732000,0.4895
2022-04-01 00:00:00,EM4,732000,,0.3813
2022-04-01 00:00:00,LC,0,73200,0.3597
2022-04-01 00:00:00,LC,73200,732000,0.3657
2022-04-01 00:00:00,LC,732000,,0.4352
2022-04-01 00:00:00,LO,0,73200,0.4222
2022-04-01 00:00:00,LO,73200,732000,0.4258
2022-04-01 00:00:00,LO,732000,,0.4272
2022-04-01 00:00:00,LS,0,73200,0.5619
2022-04-01 00:00:00,LS,73200,732000,0.3614
2022-04-01 00:00:00,LS,732000,,0.3531
2022-04-01 00:00:00,LT,0,73200,0.3293
2022-04-01 00:00:00,LT,73200,732000,0.4418
2022-04-01 00:00:00,LT,732000,,0.4821
2022-04-01 00:00:00,LW,0,73200,0.3844
2022-04-01 00:00:00,LW,73200,732000,0.3273
2022-04-01 00:00:00,LW,732000,,0.3286
2022-04-01 00:00:00,NE1,0,73200,0.4445
2022-04-01 00:00:00,NE1,73200,732000,0.4519
2022-04-01 00:00:00,NE1,732000,,0.4362
2022-04-01 00:00:00,NE2,0,73200,0.341
2022-04-01 00:00:00,NE2,73200,732000,0.4116
2022-04-01 00:00:00,NE2,732000,,0.4025
2022-04-01 00:00:00,NE3,0,73200,0.4105
2022-04-01 00:00:00,NE3,73200,732000,0.462
2022-04-01 00:00:00,NE3,732000,,0.411
2022-04-01 00:00:00,NO1,0,73200,0.4467
2022-04-01 00:00:00,NO1,73200,732000,0.3987
2022-04-01 00:00:00,NO1,732000,,0.4162
2022-04-01 00:00:00,NO2,0,73200,0.4431
2022-04-01 00:00:00,NO2,73200,732000,0.2787
2022-04-01 00:00:00,NO2,732000,,0.3682
2022-04-01 00:00:00,NT1,0,73200,0.3564
2022-04-01 00:00:00,NT1,73200,732000,0.3432
2022-04-01 00:00:00,NT1,732000,,0.3717
2022-04-01 00:00:00,NT2,0,73200,0.5109
2022-04-01 00:00:00,NT2,73200,732000,0.3252
2022-04-01 00:00:00,NT2,732000,,0.4695
2022-04-01 00:00:00,NT3,0,73200,0.261
2022-04-01 00:00:00,NT3,73200,732000,0.3671
2022-04-01 00:00:00,NT3,732000,,0.4061
2022-04-01 00:00:00,NW1,0,73200,0.4395
2022-04-01 00:00:00,NW1,73200,732000,0.4494
2022-04-01 00:00:00,NW1,732000,,0.4558
2022-04-01 00:00:00,NW2,0,73200,0.366
2022-04-01 00:00:00,NW2,73200,732000,0.357
2022-04-01 00:00:00,NW2,732000,,0.4609
2022-04-01 00:00:00,SC1,0,73200,0.3783
2022-04-01 00:00:00,SC1,73200,732000,0.293
2022-04-01 00:00:00,SC1,732000,,0.3042
2022-04-01 00:00:00,SC2,0,73200,0.321
2022-04-01 00:00:00,SC2,73200,732000,0.4326
2022-04-01 00:00:00,SC2,732000,,0.4046
2022-04-01 00:00:00,SC4,0,73200,0.4477
2022-04-01 00:00:00,SC4,73200,732000,0.3597
2022-04-01 00:00:00,SC4,732000,,0.4058
2022-04-01 00:00:00,SE1,0,73200,0.4426
2022-04-01 00:00:00,SE1,73200,732000,0.369
2022-04-01 00:00:00,SE1,732000,,0.4293
2022-04-01 00:00:00,SE2,0,73200,0.3413
2022-04-01 00:00:00,SE2,73200,732000,0.3647
2022-04-01 00:00:00,SE2,732000,,0.3633
2022-04-01 00:00:00,SO1,0,73200,0.2993
2022-04-01 00:00:00,SO1,73200,732000,0.4316
2022-04-01 00:00:00,SO1,732000,,0.3564
2022-04-01 00:00:00,SO2,0,73200,0.3943
2022-04-01 00:00:00,SO2,73200,732000,0.4311
2022-04-01 00:00:00,SO2,732000,,0.4285
2022-04-01 00:00:00,SW1,0,73200,0.4458
2022-04-01 00:00:00,SW1,73200,732000,0.3857
2022-04-01 00:00:00,SW1,732000,,0.36
2022-04-01 00:00:00,SW2,0,73200,0.3871
2022-04-01 00:00:00,SW2,73200,732000,0.2606
2022-04-01 00:00:00,SW2,732000,,0.2795
2022-04-01 00:00:00,SW3,0,73200,0.2894
2022-04-01 00:00:00,SW3,73200,732000,0.3149
2022-04-01 00:00:00,SW3,732000,,0.4249
2022-04-01 00:00:00,WA1,0,73200,0.3221
2022-04-01 00:00:00,WA1,73200,732000,0.3636
2022-04-01 00:00:00,WA1,732000,,0.4957
2022-04-01 00:00:00,WA2,0,73200,0.3654
2022-04-01 00:00:00,WA2,73200,732000,0.4514
2022-04-01 00:00:00,WA2,732000,,0.3199
2022-04-01 00:00:00,WM1,0,73200,0.3772
2022-04-01 00:00:00,WM1,73200,732000,0.3186
2022-04-01 00:00:00,WM1,732000,,0.3666
2022-04-01 00:00:00,WM2,0,73200,0.4595
2022-04-01 00:00:00,WM2,73200,732000,0.2574
2022-04-01 00:00:00,WM2,732000,,0.4275
2022-04-01 00:00:00,WM3,0,73200,0.4121
2022-04-01 00:00:00,WM3,73200,732000,0.3466
2022-04-01 00:00:00,WM3,732000,,0.2796
2022-10-01 00:00:00,EA1,0,73200,0.4674
2022-10-01 00:00:00,EA1,73200,732000,0.3489
2022-10-01 00:00:00,EA1,732000,,0.5067
2022-10-01 00:00:00,EA2,0,73200,0.5234
2022-10-01 00:00:00,EA2,73200,732000,0.2686
2022-10-01 00:00:00,EA2,732000,,0.3259
2022-10-01 00:00:00,EA3,0,73200,0.4519
2022-10-01 00:00:00,EA3,73200,732000,0.4127
2022-10-01 00:00:00,EA3,732000,,0.4392
2022-10-01 00:00:00,EA4,0,73200,0.3653
2022-10-01 00:00:00,EA4,73200,732000,0.5181
2022-10-01 00:00:00,EA4,732000,,0.5091
2022-10-01 00:00:00,EM1,0,73200,0.4464
2022-10-01 00:00:00,EM1,73200,732000,0.54
2022-10-01 00:00:00,EM1,732000,,0.4818
2022-10-01 00:00:00,EM2,0,73200,0.3648
2022-10-01 00:00:00,EM2,73200,732000,0.473
2022-10-01 00:00:00,EM2,732000,,0.3562
2022-10-01 00:00:00,EM3,0,73200,0.518
2022-10-01 00:00:00,EM3,73200,732000,0.4362
2022-10-01 00:00:00,EM3,732000,,0.4244
2022-10-01 00:00:00,EM4,0,73200,0.3807
2022-10-01 00:00:00,EM4,73200,732000,0.5483
2022-10-01 00:00:00,EM4,732000,,0.427
2022-10-01 00:00:00,LC,0,73200,0.4029
2022-10-01 00:00:00,LC,73200,732000,0.4096
2022-10-01 00:00:00,LC,732000,,0.4875
2022-10-01 00:00:00,LO,0,73200,0.4728
2022-10-01 00:00:00,LO,73200,732000,0.4769
2022-10-01 00:00:00,LO,732000,,0.4785
2022-10-01 00:00:00,LS,0,73200,0.6293
2022-10-01 00:00:00,LS,73200,732000,0.4048
2022-10-01 00:00:00,LS,732000,,0.3955
2022-10-01 00:00:00,LT,0,73200,0.3689
2022-10-01 00:00:00,LT,73200,732000,0.4949
2022-10-01 00:00:00,LT,732000,,0.54
2022-10-01 00:00:00,LW,0,73200,0.4305
2022-10-01 00:00:00,LW,73200,732000,0.3666
2022-10-01 00:00:00,LW,732000,,0.368
2022-10-01 00:00:00,NE1,0,73200,0.4979
2022-10-01 00:00:00,NE1,73200,732000,0.5061
2022-10-01 00:00:00,NE1,732000,,0.4885
2022-10-01 00:00:00,NE2,0,73200,0.3819
2022-10-01 00:00:00,NE2,73200,732000,0.461
2022-10-01 00:00:00,NE2,732000,,0.4508
2022-10-01 00:00:00,NE3,0,73200,0.4598
2022-10-01 00:00:00,NE3,73200,732000,0.5174
2022-10-01 00:00:00,NE3,732000,,0.4603
2022-10-01 00:00:00,NO1,0,73200,0.5003
2022-10-01 00:00:00,NO1,73200,732000,0.4466
2022-10-01 00:00:00,NO1,732000,,0.4661
2022-10-01 00:00:00,NO2,0,73200,0.4963
2022-10-01 00:00:00,NO2,73200,732000,0.3121
2022-10-01 00:00:00,NO2,732000,,0.4124
2022-10-01 00:00:00,NT1,0,73200,0.3992
2022-10-01 00:00:00,NT1,73200,732000,0.3844
2022-10-01 00:00:00,NT1,732000,,0.4163
2022-10-01 00:00:00,NT2,0,73200,0.5722
2022-10-01 00:00:00,NT2,73200,732000,0.3643
2022-10-01 00:00:00,NT2,732000,,0.5259
2022-10-01 00:00:00,NT3,0,73200,0.2924
2022-10-01 00:00:00,NT3,73200,732000,0.4112
2022-10-01 00:00:00,NT3,732000,,0.4549
2022-10-01 00:00:00,NW1,0,73200,0.4922
2022-10-01 00:00:00,NW1,73200,732000,0.5033
2022-10-01 00:00:00,NW1,732000,,0.5106
2022-10-01 00:00:00,NW2,0,73200,0.4099
2022-10-01 00:00:00,NW2,73200,732000,0.3999
2022-10-01 00:00:00,NW2,732000,,0.5162
2022-10-01 00:00:00,SC1,0,73200,0.4237
2022-10-01 00:00:00,SC1,73200,732000,0.3281
2022-10-01 00:00:00,SC1,732000,,0.3407
2022-10-01 00:00:00,SC2,0,73200,0.3595
2022-10-01 00:00:00,SC2,73200,732000,0.4845
2022-10-01 00:00:00,SC2,732000,,0.4531
2022-10-01 00:00:00,SC4,0,73200,0.5014
2022-10-01 00:00:00,SC4,73200,732000,0.4029
2022-10-01 00:00:00,SC4,732000,,0.4545
2022-10-01 00:00:00,SE1,0,73200,0.4957
2022-10-01 00:00:00,SE1,73200,732000,0.4133
2022-10-01 00:00:00,SE1,732000,,0.4808
2022-10-01 00:00:00,SE2,0,73200,0.3823
2022-10-01 00:00:00,SE2,73200,732000,0.4085
2022-10-01 00:00:00,SE2,732000,,0.4069
2022-10-01 00:00:00,SO1,0,73200,0.3352
2022-10-01 00:00:00,SO1,73200,732000,0.4834
2022-10-01 00:00:00,SO1,732000,,0.3992
2022-10-01 00:00:00,SO2,0,73200,0.4416
2022-10-01 00:00:00,SO2,73200,732000,0.4829
2022-10-01 00:00:00,SO2,732000,,0.4799
2022-10-01 00:00:00,SW1,0,73200,0.4993
2022-10-01 00:00:00,SW1,73200,732000,0.4319
2022-10-01 00:00:00,SW1,732000,,0.4032
2022-10-01 00:00:00,SW2,0,73200,0.4335
2022-10-01 00:00:00,SW2,73200,732000,0.2918
2022-10-01 00:00:00,SW2,732000,,0.313
2022-10-01 00:00:00,SW3,0,73200,0.3241
2022-10-01 00:00:00,SW3,73200,732000,0.3526
2022-10-01 00:00:00,SW3,732000,,0.4758
2022-10-01 00:00:00,WA1,0,73200,0.3608
2022-10-01 00:00:00,WA1,73200,732000,0.4073
2022-10-01 00:00:00,WA1,732000,,0.5551
2022-10-01 00:00:00,WA2,0,73200,0.4092
2022-10-01 00:00:00,WA2,73200,732000,0.5056
2022-10-01 00:00:00,WA2,732000,,0.3583
2022-10-01 00:00:00,WM1,0,73200,0.4224
2022-10-01 00:00:00,WM1,73200,732000,0.3569
2022-10-01 00:00:00,WM1,732000,,0.4106
2022-10-01 00:00:00,WM2,0,73200,0.5146
2022-10-01 00:00:00,WM2,73200,732000,0.2883
2022-10-01 00:00:00,WM2,732000,,0.4788
2022-10-01 00:00:00,WM3,0,73200,0.4616
2022-10-01 00:00:00,WM3,73200,732000,0.3882
2022-10-01 00:00:00,WM3,732000,,0.3132
2023-04-01 00:00:00,EA1,0,73200,0.5235
2023-04-01 00:00:00,EA1,73200,732000,0.3908
2023-04-01 00:00:00,EA1,732000,,0.5675
2023-04-01 00:00:00,EA2,0,73200,0.5862
2023-04-01 00:00:00,EA2,73200,732000,0.3008
2023-04-01 00:00:00,EA2,732000,,0.365
2023-04-01 00:00:00,EA3,0,73200,0.5061
2023-04-01 00:00:00,EA3,73200,732000,0.4623
2023-04-01 00:00:00,EA3,732000,,0.4919
2023-04-01 00:00:00,EA4,0,73200,0.4092
2023-04-01 00:00:00,EA4,73200,732000,0.5803
2023-04-01 00:00:00,EA4,732000,,0.5702
2023-04-01 00:00:00,EM1,0,73200,0.5
2023-04-01 00:00:00,EM1,73200,732000,0.6048
2023-04-01 00:00:00,EM1,732000,,0.5396
2023-04-01 00:00:00,EM2,0,73200,0.4086
2023-04-01 00:00:00,EM2,73200,732000,0.5298
2023-04-01 00:00:00,EM2,732000,,0.3989
2023-04-01 00:00:00,EM3,0,73200,0.5801
2023-04-01 00:00:00,EM3,73200,732000,0.4885
2023-04-01 00:00:00,EM3,732000,,0.4753
2023-04-01 00:00:00,EM4,0,73200,0.4263
2023-04-01 00:00:00,EM4,73200,732000,0.6141
2023-04-01 00:00:00,EM4,732000,,0.4783
2023-04-01 00:00:00,LC,0,73200,0.4512
2023-04-01 00:00:00,LC,73200,732000,0.4587
2023-04-01 00:00:00,LC,732000,,0.546
2023-04-01 00:00:00,LO,0,73200,0.5296
2023-04-01 00:00:00,LO,73200,732000,0.5341
2023-04-01 00:00:00,LO,732000,,0.5359
2023-04-01 00:00:00,LS,0,73200,0.7049
2023-04-01 00:00:00,LS,73200,732000,0.4534
2023-04-01 00:00:00,LS,732000,,0.4429
2023-04-01 00:00:00,LT,0,73200,0.4131
2023-04-01 00:00:00,LT,73200,732000,0.5542
2023-04-01 00:00:00,LT,732000,,0.6048
2023-04-01 00:00:00,LW,0,73200,0.4822
2023-04-01 00:00:00,LW,73200,732000,0.4106
2023-04-01 00:00:00,LW,732000,,0.4121
2023-04-01 00:00:00,NE1,0,73200,0.5576
2023-04-01 00:00:00,NE1,73200,732000,0.5669
2023-04-01 00:00:00,NE1,732000,,0.5471
2023-04-01 00:00:00,NE2,0,73200,0.4277
2023-04-01 00:00:00,NE2,73200,732000,0.5164
2023-04-01 00:00:00,NE2,732000,,0.5049
2023-04-01 00:00:00,NE3,0,73200,0.515
2023-04-01 00:00:00,NE3,73200,732000,0.5795
2023-04-01 00:00:00,NE3,732000,,0.5156
2023-04-01 00:00:00,NO1,0,73200,0.5604
2023-04-01 00:00:00,NO1,73200,732000,0.5002
2023-04-01 00:00:00,NO1,732000,,0.5221
2023-04-01 00:00:00,NO2,0,73200,0.5558
2023-04-01 00:00:00,NO2,73200,732000,0.3496
2023-04-01 00:00:00,NO2,732000,,0.4619
2023-04-01 00:00:00,NT1,0,73200,0.4471
2023-04-01 00:00:00,NT1,73200,732000,0.4305
2023-04-01 00:00:00,NT1,732000,,0.4662
2023-04-01 00:00:00,NT2,0,73200,0.6409
2023-04-01 00:00:00,NT2,73200,732000,0.408
2023-04-01 00:00:00,NT2,732000,,0.589
2023-04-01 00:00:00,NT3,0,73200,0.3275
2023-04-01 00:00:00,NT3,73200,732000,0.4605
2023-04-01 00:00:00,NT3,732000,,0.5094
2023-04-01 00:00:00,NW1,0,73200,0.5513
2023-04-01 00:00:00,NW1,73200,732000,0.5637
2023-04-01 00:00:00,NW1,732000,,0.5718
2023-04-01 00:00:00,NW2,0,73200,0.4591
2023-04-01 00:00:00,NW2,73200,732000,0.4479
2023-04-01 00:00:00,NW2,732000,,0.5781
2023-04-01 00:00:00,SC1,0,73200,0.4745
2023-04-01 00:00:00,SC1,73200,732000,0.3675
2023-04-01 00:00:00,SC1,732000,,0.3815
2023-04-01 00:00:00,SC2,0,73200,0.4027
2023-04-01 00:00:00,SC2,73200,732000,0.5426
2023-04-01 00:00:00,SC2,732000,,0.5075
2023-04-01 00:00:00,SC4,0,73200,0.5616
2023-04-01 00:00:00,SC4,73200,732000,0.4512
2023-04-01 00:00:00,SC4,732000,,0.509
2023-04-01 00:00:00,SE1,0,73200,0.5552
2023-04-01 00:00:00,SE1,73200,732000,0.4629
2023-04-01 00:00:00,SE1,732000,,0.5385
2023-04-01 00:00:00,SE2,0,73200,0.4281
2023-04-01 00:00:00,SE2,73200,732000,0.4575
2023-04-01 00:00:00,SE2,732000,,0.4558
2023-04-01 00:00:00,SO1,0,73200,0.3754
2023-04-01 00:00:00,SO1,73200,732000,0.5414
2023-04-01 00:00:00,SO1,732000,,0.4471
2023-04-01 00:00:00,SO2,0,73200,0.4946
2023-04-01 00:00:00,SO2,73200,732000,0.5408
2023-04-01 00:00:00,SO2,732000,,0.5375
2023-04-01 00:00:00,SW1,0,73200,0.5592
2023-04-01 00:00:00,SW1,73200,732000,0.4838
2023-04-01 00:00:00,SW1,732000,,0.4516
2023-04-01 00:00:00,SW2,0,73200,0.4856
2023-04-01 00:00:00,SW2,73200,732000,0.3269
2023-04-01 00:00:00,SW2,732000,,0.3506
2023-04-01 00:00:00,SW3,0,73200,0.363
2023-04-01 00:00:00,SW3,73200,732000,0.395
2023-04-01 00:00:00,SW3,732000,,0.5329
2023-04-01 00:00:00,WA1,0,73200,0.404
2023-04-01 00:00:00,WA1,73200,732000,0.4562
2023-04-01 00:00:00,WA1,732000,,0.6218
2023-04-01 00:00:00,WA2,0,73200,0.4583
2023-04-01 00:00:00,WA2,73200,732000,0.5663
2023-04-01 00:00:00,WA2,732000,,0.4013
2023-04-01 00:00:00,WM1,0,73200,0.4731
2023-04-01 00:00:00,WM1,73200,732000,0.3997
2023-04-01 00:00:00,WM1,732000,,0.4599
2023-04-01 00:00:00,WM2,0,73200,0.5764
2023-04-01 00:00:00,WM2,73200,732000,0.3229
2023-04-01 00:00:00,WM2,732000,,0.5363
2023-04-01 00:00:00,WM3,0,73200,0.5169
2023-04-01 00:00:00,WM3,73200,732000,0.4348
2023-04-01 00:00:00,WM3,732000,,0.3507
2023-10-01 00:00:00,EA1,0,73200,0.5863
2023-10-01 00:00:00,EA1,73200,732000,0.4377
2023-10-01 00:00:00,EA1,732000,,0.6356
2023-10-01 00:00:00,EA2,0,73200,0.6566
2023-10-01 00:00:00,EA2,73200,732000,0.3369
2023-10-01 00:00:00,EA2,732000,,0.4088
2023-10-01 00:00:00,EA3,0,73200,0.5668
2023-10-01 00:00:00,EA3,73200,732000,0.5177
2023-10-01 00:00:00,EA3,732000,,0.5509
2023-10-01 00:00:00,EA4,0,73200,0.4583
2023-10-01 00:00:00,EA4,73200,732000,0.6499
2023-10-01 00:00:00,EA4,732000,,0.6387
2023-10-01 00:00:00,EM1,0,73200,0.56
2023-10-01 00:00:00,EM1,73200,732000,0.6774
2023-10-01 00:00:00,EM1,732000,,0.6044
2023-10-01 00:00:00,EM2,0,73200,0.4576
2023-10-01 00:00:00,EM2,73200,732000,0.5933
2023-10-01 00:00:00,EM2,732000,,0.4468
2023-10-01 00:00:00,EM3,0,73200,0.6497
2023-10-01 00:00:00,EM3,73200,732000,0.5471
2023-10-01 00:00:00,EM3,732000,,0.5323
2023-10-01 00:00:00,EM4,0,73200,0.4775
2023-10-01 00:00:00,EM4,73200,732000,0.6877
2023-10-01 00:00:00,EM4,732000,,0.5356
2023-10-01 00:00:00,LC,0,73200,0.5054
2023-10-01 00:00:00,LC,73200,732000,0.5138
2023-10-01 00:00:00,LC,732000,,0.6115
2023-10-01 00:00:00,LO,0,73200,0.5931
2023-10-01 00:00:00,LO,73200,732000,0.5982
2023-10-01 00:00:00,LO,732000,,0.6002
2023-10-01 00:00:00,LS,0,73200,0.7894
2023-10-01 00:00:00,LS,73200,732000,0.5078
2023-10-01 00:00:00,LS,732000,,0.4961
2023-10-01 00:00:00,LT,0,73200,0.4627
2023-10-01 00:00:00,LT,73200,732000,0.6208
2023-10-01 00:00:00,LT,732000,,0.6774
2023-10-01 00:00:00,LW,0,73200,0.5401
2023-10-01 00:00:00,LW,73200,732000,0.4598
2023-10-01 00:00:00,LW,732000,,0.4616
2023-10-01 00:00:00,NE1,0,73200,0.6245
2023-10-01 00:00:00,NE1,73200,732000,0.6349
2023-10-01 00:00:00,NE1,732000,,0.6128
2023-10-01 00:00:00,NE2,0,73200,0.4791
2023-10-01 00:00:00,NE2,73200,732000,0.5783
2023-10-01 00:00:00,NE2,732000,,0.5655
2023-10-01 00:00:00,NE3,0,73200,0.5768
2023-10-01 00:00:00,NE3,73200,732000,0.6491
2023-10-01 00:00:00,NE3,732000,,0.5774
2023-10-01 00:00:00,NO1,0,73200,0.6276
2023-10-01 00:00:00,NO1,73200,732000,0.5602
2023-10-01 00:00:00,NO1,732000,,0.5847
2023-10-01 00:00:00,NO2,0,73200,0.6225
2023-10-01 00:00:00,NO2,73200,732000,0.3915
2023-10-01 00:00:00,NO2,732000,,0.5173
2023-10-01 00:00:00,NT1,0,73200,0.5007
2023-10-01 00:00:00,NT1,73200,732000,0.4821
2023-10-01 00:00:00,NT1,732000,,0.5222
2023-10-01 00:00:00,NT2,0,73200,0.7178
2023-10-01 00:00:00,NT2,73200,732000,0.4569
2023-10-01 00:00:00,NT2,732000,,0.6597
2023-10-01 00:00:00,NT3,0,73200,0.3668
2023-10-01 00:00:00,NT3,73200,732000,0.5158
2023-10-01 00:00:00,NT3,732000,,0.5706
2023-10-01 00:00:00,NW1,0,73200,0.6174
2023-10-01 00:00:00,NW1,73200,732000,0.6314
2023-10-01 00:00:00,NW1,732000,,0.6404
2023-10-01 00:00:00,NW2,0,73200,0.5142
2023-10-01 00:00:00,NW2,73200,732000,0.5016
2023-10-01 00:00:00,NW2,732000,,0.6475
2023-10-01 00:00:00,SC1,0,73200,0.5314
2023-10-01 00:00:00,SC1,73200,732000,0.4116
2023-10-01 00:00:00,SC1,732000,,0.4273
2023-10-01 00:00:00,SC2,0,73200,0.451
2023-10-01 00:00:00,SC2,73200,732000,0.6077
2023-10-01 00:00:00,SC2,732000,,0.5684
2023-10-01 00:00:00,SC4,0,73200,0.6289
2023-10-01 00:00:00,SC4,73200,732000,0.5054
2023-10-01 00:00:00,SC4,732000,,0.5701
2023-10-01 00:00:00,SE1,0,73200,0.6219
2023-10-01 00:00:00,SE1,73200,732000,0.5184
2023-10-01 00:00:00,SE1,732000,,0.6031
2023-10-01 00:00:00,SE2,0,73200,0.4795
2023-10-01 00:00:00,SE2,73200,732000,0.5124
2023-10-01 00:00:00,SE2,732000,,0.5104
2023-10-01 00:00:00,SO1,0,73200,0.4205
2023-10-01 00:00:00,SO1,73200,732000,0.6064
2023-10-01 00:00:00,SO1,732000,,0.5007
2023-10-01 00:00:00,SO2,0,73200,0.554
2023-10-01 00:00:00,SO2,73200,732000,0.6057
2023-10-01 00:00:00,SO2,732000,,0.602
2023-10-01 00:00:00,SW1,0,73200,0.6263
2023-10-01 00:00:00,SW1,73200,732000,0.5418
2023-10-01 00:00:00,SW1,732000,,0.5058
2023-10-01 00:00:00,SW2,0,73200,0.5438
2023-10-01 00:00:00,SW2,73200,732000,0.3661
2023-10-01 00:00:00,SW2,732000,,0.3926
2023-10-01 00:00:00,SW3,0,73200,0.4065
2023-10-01 00:00:00,SW3,73200,732000,0.4424
2023-10-01 00:00:00,SW3,732000,,0.5969
2023-10-01 00:00:00,WA1,0,73200,0.4525
2023-10-01 00:00:00,WA1,73200,732000,0.5109
2023-10-01 00:00:00,WA1,732000,,0.6964
2023-10-01 00:00:00,WA2,0,73200,0.5133
2023-10-01 00:00:00,WA2,73200,732000,0.6342
2023-10-01 00:00:00,WA2,732000,,0.4494
2023-10-01 00:00:00,WM1,0,73200,0.5299
2023-10-01 00:00:00,WM1,73200,732000,0.4477
2023-10-01 00:00:00,WM1,732000,,0.5151
2023-10-01 00:00:00,WM2,0,73200,0.6455
2023-10-01 00:00:00,WM2,73200,732000,0.3617
2023-10-01 00:00:00,WM2,732000,,0.6006
2023-10-01 00:00:00,WM3,0,73200,0.579
2023-10-01 00:00:00,WM3,73200,732000,0.487
2023-10-01 00:00:00,WM3,732000,,0.3928
2024-04-01 00:00:00,EA1,0,73200,0.6566
2024-04-01 00:00:00,EA1,73200,732000,0.4902
2024-04-01 00:00:00,EA1,732000,,0.7118
2024-04-01 00:00:00,EA2,0,73200,0.7354
2024-04-01 00:00:00,EA2,73200,732000,0.3773
2024-04-01 00:00:00,EA2,732000,,0.4578
2024-04-01 00:00:00,EA3,0,73200,0.6348
2024-04-01 00:00:00,EA3,73200,732000,0.5799
2024-04-01 00:00:00,EA3,732000,,0.617
2024-04-01 00:00:00,EA4,0,73200,0.5133
2024-04-01 00:00:00,EA4,73200,732000,0.7279
2024-04-01 00:00:00,EA4,732000,,0.7153
2024-04-01 00:00:00,EM1,0,73200,0.6272
2024-04-01 00:00:00,EM1,73200,732000,0.7586
2024-04-01 00:00:00,EM1,732000,,0.6769
2024-04-01 00:00:00,EM2,0,73200,0.5125
2024-04-01 00:00:00,EM2,73200,732000,0.6645
2024-04-01 00:00:00,EM2,732000,,0.5004
2024-04-01 00:00:00,EM3,0,73200,0.7277
2024-04-01 00:00:00,EM3,73200,732000,0.6128
2024-04-01 00:00:00,EM3,732000,,0.5962
2024-04-01 00:00:00,EM4,0,73200,0.5348
2024-04-01 00:00:00,EM4,73200,732000,0.7703
2024-04-01 00:00:00,EM4,732000,,0.5999
2024-04-01 00:00:00,LC,0,73200,0.566
2024-04-01 00:00:00,LC,73200,732000,0.5754
2024-04-01 00:00:00,LC,732000,,0.6849
2024-04-01 00:00:00,LO,0,73200,0.6643
2024-04-01 00:00:00,LO,73200,732000,0.67
2024-04-01 00:00:00,LO,732000,,0.6722
2024-04-01 00:00:00,LS,0,73200,0.8842
2024-04-01 00:00:00,LS,73200,732000,0.5687
2024-04-01 00:00:00,LS,732000,,0.5556
2024-04-01 00:00:00,LT,0,73200,0.5182
2024-04-01 00:00:00,LT,73200,732000,0.6953
2024-04-01 00:00:00,LT,732000,,0.7586
2024-04-01 00:00:00,LW,0,73200,0.6049
2024-04-01 00:00:00,LW,73200,732000,0.515
2024-04-01 00:00:00,LW,732000,,0.517
2024-04-01 00:00:00,NE1,0,73200,0.6995
2024-04-01 00:00:00,NE1,73200,732000,0.7111
2024-04-01 00:00:00,NE1,732000,,0.6863
2024-04-01 00:00:00,NE2,0,73200,0.5365
2024-04-01 00:00:00,NE2,73200,732000,0.6477
2024-04-01 00:00:00,NE2,732000,,0.6334
2024-04-01 00:00:00,NE3,0,73200,0.646
2024-04-01 00:00:00,NE3,73200,732000,0.7269
2024-04-01 00:00:00,NE3,732000,,0.6467
2024-04-01 00:00:00,NO1,0,73200,0.7029
2024-04-01 00:00:00,NO1,73200,732000,0.6274
2024-04-01 00:00:00,NO1,732000,,0.6549
2024-04-01 00:00:00,NO2,0,73200,0.6972
2024-04-01 00:00:00,NO2,73200,732000,0.4385
2024-04-01 00:00:00,NO2,732000,,0.5794
2024-04-01 00:00:00,NT1,0,73200,0.5608
2024-04-01 00:00:00,NT1,73200,732000,0.54
2024-04-01 00:00:00,NT1,732000,,0.5848
2024-04-01 00:00:00,NT2,0,73200,0.8039
2024-04-01 00:00:00,NT2,73200,732000,0.5118
2024-04-01 00:00:00,NT2,732000,,0.7388
2024-04-01 00:00:00,NT3,0,73200,0.4108
2024-04-01 00:00:00,NT3,73200,732000,0.5776
2024-04-01 00:00:00,NT3,732000,,0.639
2024-04-01 00:00:00,NW1,0,73200,0.6915
2024-04-01 00:00:00,NW1,73200,732000,0.7071
2024-04-01 00:00:00,NW1,732000,,0.7173
2024-04-01 00:00:00,NW2,0,73200,0.5759
2024-04-01 00:00:00,NW2,73200,732000,0.5618
2024-04-01 00:00:00,NW2,732000,,0.7252
2024-04-01 00:00:00,SC1,0,73200,0.5952
2024-04-01 00:00:00,SC1,73200,732000,0.461
2024-04-01 00:00:00,SC1,732000,,0.4786
2024-04-01 00:00:00,SC2,0,73200,0.5051
2024-04-01 00:00:00,SC2,73200,732000,0.6806
2024-04-01 00:00:00,SC2,732000,,0.6366
2024-04-01 00:00:00,SC4,0,73200,0.7044
2024-04-01 00:00:00,SC4,73200,732000,0.566
2024-04-01 00:00:00,SC4,732000,,0.6386
2024-04-01 00:00:00,SE1,0,73200,0.6965
2024-04-01 00:00:00,SE1,73200,732000,0.5806
2024-04-01 00:00:00,SE1,732000,,0.6754
2024-04-01 00:00:00,SE2,0,73200,0.537
2024-04-01 00:00:00,SE2,73200,732000,0.5739
2024-04-01 00:00:00,SE2,732000,,0.5717
2024-04-01 00:00:00,SO1,0,73200,0.4709
2024-04-01 00:00:00,SO1,73200,732000,0.6792
2024-04-01 00:00:00,SO1,732000,,0.5608
2024-04-01 00:00:00,SO2,0,73200,0.6205
2024-04-01 00:00:00,SO2,73200,732000,0.6784
2024-04-01 00:00:00,SO2,732000,,0.6742
2024-04-01 00:00:00,SW1,0,73200,0.7014
2024-04-01 00:00:00,SW1,73200,732000,0.6069
2024-04-01 00:00:00,SW1,732000,,0.5665
2024-04-01 00:00:00,SW2,0,73200,0.6091
2024-04-01 00:00:00,SW2,73200,732000,0.41
2024-04-01 00:00:00,SW2,732000,,0.4397
2024-04-01 00:00:00,SW3,0,73200,0.4553
2024-04-01 00:00:00,SW3,73200,732000,0.4954
2024-04-01 00:00:00,SW3,732000,,0.6685
2024-04-01 00:00:00,WA1,0,73200,0.5068
2024-04-01 00:00:00,WA1,73200,732000,0.5722
2024-04-01 00:00:00,WA1,732000,,0.7799
2024-04-01 00:00:00,WA2,0,73200,0.5749
2024-04-01 00:00:00,WA2,73200,732000,0.7104
2024-04-01 00:00:00,WA2,732000,,0.5034
2024-04-01 00:00:00,WM1,0,73200,0.5935
2024-04-01 00:00:00,WM1,73200,732000,0.5014
2024-04-01 00:00:00,WM1,732000,,0.5769
2024-04-01 00:00:00,WM2,0,73200,0.723
2024-04-01 00:00:00,WM2,73200,732000,0.4051
2024-04-01 00:00:00,WM2,732000,,0.6727
2024-04-01 00:00:00,WM3,0,73200,0.6485
2024-04-01 00:00:00,WM3,73200,732000,0.5455
2024-04-01 00:00:00,WM3,732000,,0.44
2024-10-01 00:00:00,EA1,0,73200,0.7354
2024-10-01 00:00:00,EA1,73200,732000,0.5491
2024-10-01 00:00:00,EA1,732000,,0.7973
2024-10-01 00:00:00,EA2,0,73200,0.8236
2024-10-01 00:00:00,EA2,73200,732000,0.4226
2024-10-01 00:00:00,EA2,732000,,0.5127
2024-10-01 00:00:00,EA3,0,73200,0.711
2024-10-01 00:00:00,EA3,73200,732000,0.6495
2024-10-01 00:00:00,EA3,732000,,0.6911
2024-10-01 00:00:00,EA4,0,73200,0.5749
2024-10-01 00:00:00,EA4,73200,732000,0.8153
2024-10-01 00:00:00,EA4,732000,,0.8011
2024-10-01 00:00:00,EM1,0,73200,0.7024
2024-10-01 00:00:00,EM1,73200,732000,0.8497
2024-10-01 00:00:00,EM1,732000,,0.7582
2024-10-01 00:00:00,EM2,0,73200,0.574
2024-10-01 00:00:00,EM2,73200,732000,0.7443
2024-10-01 00:00:00,EM2,732000,,0.5604
2024-10-01 00:00:00,EM3,0,73200,0.815
2024-10-01 00:00:00,EM3,73200,732000,0.6863
2024-10-01 00:00:00,EM3,732000,,0.6678
2024-10-01 00:00:00,EM4,0,73200,0.599
2024-10-01 00:00:00,EM4,73200,732000,0.8627
2024-10-01 00:00:00,EM4,732000,,0.6719
2024-10-01 00:00:00,LC,0,73200,0.6339
2024-10-01 00:00:00,LC,73200,732000,0.6445
2024-10-01 00:00:00,LC,732000,,0.767
2024-10-01 00:00:00,LO,0,73200,0.744
2024-10-01 00:00:00,LO,73200,732000,0.7504
2024-10-01 00:00:00,LO,732000,,0.7529
2024-10-01 00:00:00,LS,0,73200,0.9903
2024-10-01 00:00:00,LS,73200,732000,0.637
2024-10-01 00:00:00,LS,732000,,0.6223
2024-10-01 00:00:00,LT,0,73200,0.5804
2024-10-01 00:00:00,LT,73200,732000,0.7787
2024-10-01 00:00:00,LT,732000,,0.8497
2024-10-01 00:00:00,LW,0,73200,0.6775
2024-10-01 00:00:00,LW,73200,732000,0.5768
2024-10-01 00:00:00,LW,732000,,0.579
2024-10-01 00:00:00,NE1,0,73200,0.7834
2024-10-01 00:00:00,NE1,73200,732000,0.7964
2024-10-01 00:00:00,NE1,732000,,0.7687
2024-10-01 00:00:00,NE2,0,73200,0.6009
2024-10-01 00:00:00,NE2,73200,732000,0.7254
2024-10-01 00:00:00,NE2,732000,,0.7094
2024-10-01 00:00:00,NE3,0,73200,0.7235
2024-10-01 00:00:00,NE3,73200,732000,0.8142
2024-10-01 00:00:00,NE3,732000,,0.7243
2024-10-01 00:00:00,NO1,0,73200,0.7873
2024-10-01 00:00:00,NO1,73200,732000,0.7027
2024-10-01 00:00:00,NO1,732000,,0.7335
2024-10-01 00:00:00,NO2,0,73200,0.7809
2024-10-01 00:00:00,NO2,73200,732000,0.4911
2024-10-01 00:00:00,NO2,732000,,0.6489
2024-10-01 00:00:00,NT1,0,73200,0.6281
2024-10-01 00:00:00,NT1,73200,732000,0.6048
2024-10-01 00:00:00,NT1,732000,,0.655
2024-10-01 00:00:00,NT2,0,73200,0.9004
2024-10-01 00:00:00,NT2,73200,732000,0.5732
2024-10-01 00:00:00,NT2,732000,,0.8275
2024-10-01 00:00:00,NT3,0,73200,0.4601
2024-10-01 00:00:00,NT3,73200,732000,0.647
2024-10-01 00:00:00,NT3,732000,,0.7157
2024-10-01 00:00:00,NW1,0,73200,0.7745
2024-10-01 00:00:00,NW1,73200,732000,0.792
2024-10-01 00:00:00,NW1,732000,,0.8034
2024-10-01 00:00:00,NW2,0,73200,0.645
2024-10-01 00:00:00,NW2,73200,732000,0.6292
2024-10-01 00:00:00,NW2,732000,,0.8122
2024-10-01 00:00:00,SC1,0,73200,0.6666
2024-10-01 00:00:00,SC1,73200,732000,0.5163
2024-10-01 00:00:00,SC1,732000,,0.536
2024-10-01 00:00:00,SC2,0,73200,0.5657
2024-10-01 00:00:00,SC2,73200,732000,0.7623
2024-10-01 00:00:00,SC2,732000,,0.713
2024-10-01 00:00:00,SC4,0,73200,0.7889
2024-10-01 00:00:00,SC4,73200,732000,0.6339
2024-10-01 00:00:00,SC4,732000,,0.7152
2024-10-01 00:00:00,SE1,0,73200,0.7801
2024-10-01 00:00:00,SE1,73200,732000,0.6503
2024-10-01 00:00:00,SE1,732000,,0.7565
2024-10-01 00:00:00,SE2,0,73200,0.6015
2024-10-01 00:00:00,SE2,73200,732000,0.6428
2024-10-01 00:00:00,SE2,732000,,0.6403
2024-10-01 00:00:00,SO1,0,73200,0.5274
2024-10-01 00:00:00,SO1,73200,732000,0.7607
2024-10-01 00:00:00,SO1,732000,,0.6281
2024-10-01 00:00:00,SO2,0,73200,0.6949
2024-10-01 00:00:00,SO2,73200,732000,0.7598
2024-10-01 00:00:00,SO2,732000,,0.7551
2024-10-01 00:00:00,SW1,0,73200,0.7856
2024-10-01 00:00:00,SW1,73200,732000,0.6797
2024-10-01 00:00:00,SW1,732000,,0.6345
2024-10-01 00:00:00,SW2,0,73200,0.6822
2024-10-01 00:00:00,SW2,73200,732000,0.4592
2024-10-01 00:00:00,SW2,732000,,0.4925
2024-10-01 00:00:00,SW3,0,73200,0.51
2024-10-01 00:00:00,SW3,73200,732000,0.5549
2024-10-01 00:00:00,SW3,732000,,0.7487
2024-10-01 00:00:00,WA1,0,73200,0.5676
2024-10-01 00:00:00,WA1,73200,732000,0.6409
2024-10-01 00:00:00,WA1,732000,,0.8735
2024-10-01 00:00:00,WA2,0,73200,0.6439
2024-10-01 00:00:00,WA2,73200,732000,0.7956
2024-10-01 00:00:00,WA2,732000,,0.5638
2024-10-01 00:00:00,WM1,0,73200,0.6647
2024-10-01 00:00:00,WM1,73200,732000,0.5615
2024-10-01 00:00:00,WM1,732000,,0.6461
2024-10-01 00:00:00,WM2,0,73200,0.8097
2024-10-01 00:00:00,WM2,73200,732000,0.4537
2024-10-01 00:00:00,WM2,732000,,0.7534
2024-10-01 00:00:00,WM3,0,73200,0.7263
2024-10-01 00:00:00,WM3,73200,732000,0.6109
2024-10-01 00:00:00,WM3,732000,,0.4928